{
    "files": [
        {
            "filename": "IMG_2626.JPG",
            "tags": [
                {
                    "tag": "Dent",
                    "left": 0.2483751161,
                    "top": 0.8482910735,
                    "width": 0.04178272981,
                    "height": 0.03914590747
                },
                {
                    "tag": "Dent",
                    "left": 0.8532961931,
                    "top": 0.5357169336,
                    "width": 0.0408542247,
                    "height": 0.04744958482
                }
            ]
        },
        {
            "filename": "IMG_2713.JPG",
            "tags": [
                {
                    "tag": "Dent",
                    "left": 0.9280408542,
                    "top": 0.7599162218,
                    "width": 0.0269266481,
                    "height": 0.02846975089
                },
                {
                    "tag": "Scratch",
                    "left": 0.6388115135,
                    "top": 0.0766422004,
                    "width": 0.0557103064,
                    "height": 0.0474495848
                }
               
            ]
        }
   
    ]
}